{"theta1": [[-0.28166642264865466, 0.3475043475440104, 0.2647382805792484, -0.13846801254979638, -0.6825991219403655, -1.011374008069945, 0.7340587428197578], [-3.2334639805643044, -0.926064485234188, -1.1057909919568503, -1.7204116324781513, -0.17583240997499244, -1.2147739715855776, -0.00024125163690528507], [-11.040013337596575, -3.704721225390047, -10.749378050516155, 0.5902490078077333, -1.2865183331309769, 0.2795200572094597, -1.1976655159785017]], "theta2": [[0.2278926672700821], [0.10293660472480047], [0.21078257402075434], [0.015737067756271494], [0.030073996245790623], [-0.028791039408361977], [0.05025218462665305]]}