{"theta1": [[-0.3058872913129965, 0.3365640494716528, 0.24233590925873918, -0.1366010020579279, -0.6857954216285674, -1.008596872302434, 0.7287097132073685], [-2.76112988173972, -0.7127163928447868, -0.6689195721808425, -1.9143658475302603, -0.11349846186157843, -1.3031398505448903, 0.10300941970149376], [-9.136052938851808, -2.8447232667868487, -8.98836622015146, 0.42216572157602483, -1.0352609680201068, 0.2731027145518979, -0.7769988332844707]], "theta2": [[0.22789267], [0.10293660000807593], [0.21078257], [-0.040995308418798185], [0.03007439274152272], [0.004432039625973522], [0.05011928365268491]]}
