{"theta2": [[0.10166165906460416], [-0.04163883880429819], [0.020797334258033227], [0.1011898677858305], [0.051907601193529176], [0.32200579176304117], [0.013258989380392543]], "theta1": [[1.01338160284694, -0.347446348357156, -0.38406081840392925, -1.1715147390233118, 0.1523435670785952, 0.6317374882823537, 0.12555857356181024], [-0.016516488939734064, -122.11737128421134, -94.89348356930489, -25.597945973011687, 1.4453230363560632, -21.319529710055413, 1.2017680851123205], [-1.0394397165503886, 24.94070528987663, 15.024705948773242, -1.1006690172913387, -7.195051278793561, -1.9101192118228052, -6.7199642463578115]]}